2622100;Fabricação de periféricos para equipamentos de informática;17
2631100;Fabricação de equipamentos transmissores de comunicação, peças e acessórios;17
2632900;Fabricação de aparelhos telefônicos e de outros equipamentos de comunicação, peças e acessórios;17
2640000;Fabricação de aparelhos de recepção, reprodução, gravação e amplificação de áudio e vídeo;19
2651500;Fabricação de aparelhos e equipamentos de medida, teste e controle;17
2652300;Fabricação de cronômetros e relógios;17
2660400;Fabricação de aparelhos eletromédicos e eletroterapêuticos e equipamentos de irradiação;17
2670101;Fabricação de equipamentos e instrumentos ópticos, peças e acessórios;17
2670102;Fabricação de aparelhos fotográficos e cinematográficos, peças e acessórios;17
2680900;Fabricação de mídias virgens, magnéticas e ópticas;17
2710401;Fabricação de geradores de corrente contínua e alternada, peças e acessórios;17
2710402;Fabricação de transformadores, indutores, conversores, sincronizadores e semelhantes, peças e acessórios;17
2710403;Fabricação de motores elétricos, peças e acessórios;17
2721000;Fabricação de pilhas, baterias e acumuladores elétricos, exceto para veículos automotores;16
2722801;Fabricação de baterias e acumuladores para veículos automotores;17
2722802;Recondicionamento de baterias e acumuladores para veículos automotores;17
2731700;Fabricação de aparelhos e equipamentos para distribuição e controle de energia elétrica;17
2732500;Fabricação de material elétrico para instalações em circuito de consumo;16
2733300;Fabricação de fios, cabos e condutores elétricos isolados;17
2740601;Fabricação de lâmpadas;17
2740602;Fabricação de luminárias e outros equipamentos de;17
2751100;Fabricação de fogões, refrigeradores e máquinas de lavar e secar para uso doméstico, peças e acessórios;17
2759701;Fabricação de aparelhos elétricos de uso pessoal, peças e acessórios;17
2759799;Fabricação de outros aparelhos eletrodomésticos não especificados anteriormente, peças e acessórios;17
2790201;Fabricação de eletrodos, contatos e outros artigos de carvão e grafita para uso elétrico, eletroímãs e isoladores;17
2790202;Fabricação de equipamentos para sinalização e alarme;17
2790299;Fabricação de outros equipamentos e aparelhos elétricos não especificados anteriormente;17
2811900;Fabricação de motores e turbinas, peças e acessórios, exceto para aviões e veículos rodoviários;17
2812700;Fabricação de equipamentos hidráulicos e pneumáticos, peças e acessórios, exceto válvulas;18
2813500;Fabricação de válvulas, registros e dispositivos semelhantes, peças e acessórios;17
2814301;Fabricação de compressores para uso industrial, peças e acessórios;17
2814302;Fabricação de compressores para uso não-industrial, peças e acessórios;17
2815101;Fabricação de rolamentos para fins industriais;17
2815102;Fabricação de equipamentos de transmissão para fins industriais, exceto rolamentos;17
2821601;Fabricação de fornos industriais, aparelhos e equipamentos não elétricos para instalações térmicas, peças e acessórios;17
2821602;Fabricação de estufas e fornos elétricos para fins industriais, peças e acessórios;17
2822401;Fabricação de máquinas, equipamentos e aparelhos para transporte e elevação de pessoas, peças e acessórios;17
2822402;Fabricação de máquinas, equipamentos e aparelhos para transporte e elevação de cargas, peças e acessórios;17
2823200;Fabricação de máquinas e aparelhos de refrigeração e ventilação para uso industrial e comercial, peças e acessórios;17
2824101;Fabricação de aparelhos e equipamentos de ar condicionado para uso industrial;18
2824102;Fabricação de aparelhos e equipamentos de ar condicionado para uso não-industrial;17
2825900;Fabricação de máquinas e equipamentos para saneamento básico e ambiental, peças e acessórios;17
2829101;Fabricação de máquinas de escrever, calcular e outros equipamentos não-eletrônicos para escritório, peças e acessórios;17
2829199;Fabricação de outras máquinas e equipamentos de uso geral não especificados anteriormente, peças e acessórios;17
2831300;Fabricação de tratores agrícolas, peças e acessórios;17
2832100;Fabricação de equipamentos para irrigação agrícola, peças e acessórios;17
2833000;Fabricação de máquinas e equipamentos para a agricultura e pecuária, peças e acessórios, exceto para irrigação;18
2840200;Fabricação de máquinas-ferramenta, peças e acessórios;17
2851800;Fabricação de máquinas e equipamentos para a prospecção e extração de petróleo, peças e acessórios;17
2852600;Fabricação de outras máquinas e equipamentos para uso na;17
2853400;Fabricação de tratores, peças e acessórios, exceto agrícolas;17
2854200;Fabricação de máquinas e equipamentos para terraplenagem, pavimentação e construção, peças e acessórios, exceto tratores;17
2861500;Fabricação de máquinas para a indústria metalúrgica, peças e acessórios, exceto máquinas-ferramenta;17
2862300;Fabricação de máquinas e equipamentos para as indústrias de alimentos, bebidas e fumo, peças e acessórios;18
2863100;Fabricação de máquinas e equipamentos para a indústria têxtil, peças e acessórios;17
2864000;Fabricação de máquinas e equipamentos para as indústrias do vestuário, do couro e de calçados, peças e acessórios;17
2865800;Fabricação de máquinas e equipamentos para as indústrias de celulose, papel e papelão e artefatos, peças e acessórios;17
2866600;Fabricação de máquinas e equipamentos para a indústria do plástico, peças e acessórios;17
2869100;Fabricação de máquinas e equipamentos para uso industrial específico não especificados anteriormente, peças e acessórios;17
2910701;Fabricação de automóveis, camionetas e utilitários;17
2910702;Fabricação de chassis com motor para automóveis, camionetas e utilitários;17
2910703;Fabricação de motores para automóveis, camionetas e utilitários;17
2920401;Fabricação de caminhões e ônibus;17
2920402;Fabricação de motores para caminhões e ônibus;17
2930101;Fabricação de cabines, carrocerias e reboques para caminhões;17
2930102;Fabricação de carrocerias para ônibus;17
2930103;Fabricação de cabines, carrocerias e reboques para outros veículos automotores, exceto caminhões e ônibus;17
2941700;Fabricação de peças e acessórios para o sistema motor de veículos automotores;18
2942500;Fabricação de peças e acessórios para os sistemas de marcha e transmissão de veículos automotores;17
2943300;Fabricação de peças e acessórios para o sistema de freios de veículos automotores;17
2944100;Fabricação de peças e acessórios para o sistema de direção e suspensão de veículos automotores;17
2945000;Fabricação de material elétrico e eletrônico para veículos automotores, exceto baterias;17
116499;Cultivo de outras oleaginosas de lavoura temporária não especificadas anteriormente;17
119999;Cultivo de outras plantas de lavoura temporária não especificadas anteriormente;11
161001;Serviço de pulverização e controle de pragas agrícolas;20
161003;Serviço de preparação de terreno, cultivo e colheita;16
161099;Atividades de apoio à agricultura não especificadas anteriormente;12
210108;Produção de carvão vegetal , florestas plantadas;17
220902;Produção de carvão vegetal , florestas nativas;17
321304;Criação de peixes ornamentais em água salgada e salobra;17
322104;Criação de peixes ornamentais em água doce;17
500301;Extração de carvão mineral;17
500302;Beneficiamento de carvão mineral;17
600001;Extração de petróleo e gás natural;17
600002;Extração e beneficiamento de xisto;17
600003;Extração e beneficiamento de areias betuminosas;17
710301;Extração de minério de ferro;17
710302;Pelotização, sinterização e outros beneficiamentos de minério de ferro;17
721901;Extração de minério de alumínio;17
721902;Beneficiamento de minério de alumínio;17
722701;Extração de minério de estanho;17
722702;Beneficiamento de minério de estanho;17
723501;Extração de minério de manganês;17
723502;Beneficiamento de minério de manganês;17
724301;Extração de minério de metais preciosos;20
724302;Beneficiamento de minério de metais preciosos;19
725100;Extração de minerais radioativos;17
729401;Extração de minério de nióbio e titânio;17
729402;Extração de minério de tungstênio;17
729403;Extração de minério de níquel;17
729404;Extração de minérios de cobre, chumbo, zinco e outros minerais metálicos não-ferrosos não especificados anteriormente;17
729405;Beneficiamento de minérios de cobre, chumbo, zinco e outros minerais metálicos não-ferrosos não especificados anteriormente;17
810001;Extração de ardósia e beneficiamento associado;16
810002;Extração de granito e beneficiamento associado;16
810003;Extração de mármore e beneficiamento associado;16
810004;Extração de calcário e dalomita e beneficiamento associado;12
810005;Extração de gesso e caulim;16
810006;Extração de areia, cascalho ou pedregulho e beneficiamento associado;16
810007;Extração de argila e beneficiamento associado;16
810008;Extração de saibro;16
810009;Extração de basalto e beneficiamento associado;17
810010;Beneficiamento de gesso e caulim associado à extração;16
810099;Extração e britamento de pedras e outros materiais para construção e beneficiamento associado;16
891600;Extração de minerais para fabricação de adubos, fertilizantes e outros produtos químicos;11
892401;Extração de sal marinho;17
892402;Extração de sal-gema;17
892403;Refino e outros tratamentos do sal;16
893200;Extração de gemas (pedras preciosas e semi-preciosas);19
899101;Extração de grafita;17
899102;Extração de quartzo;17
899103;Extração de amianto;17
899199;Extração de outros minerais não-metálicos não especificados anteriormente;17
910600;Atividades de apoio à extração de petróleo e gás natural;17
990401;Atividades de apoio à extração de minério de ferro;17
990402;Atividades de apoio à extração de minerais não-ferrosos;17
990403;Atividades de apoio à extração de minerais não metálicos;17
1011201;Frigorífico , abate de bovinos;10
1011202;Frigorífico , abate de equinos;16
1011203;Frigorífico , abate de ovinos e caprinos;16
1011204;Frigorífico , abate de bufalinos;16
1011205;Matadouro , abate de reses sob contrato, exceto abate de suínos;16
1012101;Abate de aves;16
1012102;Abate de pequenos animais;16
1012103;Frigorífico , abate de suínos;16
1012104;Matadouro , abate de suínos sob contrato;16
1013901;Fabricação de produtos de carne;16
1013902;Preparação de subprodutos do abate;17
1020101;Preservação de peixes, crustáceos e moluscos;16
1020102;Fabricação de conservas de peixes, crustáceos e moluscos;16
1031700;Fabricação de conservas de frutas;16
1032501;Fabricação de conservas de palmito;16
1032599;Fabricação de conservas de legumes e outros vegetais, exceto palmito;12
1033301;Fabricação de sucos concentrados de frutas, hortaliças e legumes;16
1033302;Fabricação de sucos de frutas, hortaliças e legumes exceto concentrados;20
1041400;Fabricação de óleos vegetais em bruto, exceto óleo de milho;16
1042200;Fabricação de óleos vegetais refinados, exceto óleo de milho;16
1043100;Fabricação de margarina e outras gorduras vegetais e de óleos não-comestíveis de animais;16
1051100;Preparação do leite;15
1052000;Fabricação de laticínios;16
1053800;Fabricação de sorvetes e outros gelados comestíveis;16
1061901;Beneficiamento de arroz;11
1061902;Fabricação de produtos de arroz;18
1062700;Moagem de trigo e fabricação de derivados;14
1063500;Fabricação de farinha de mandioca e derivados;11
1064300;Fabricação de farinha de milho e derivados, exceto óleos de milho;14
1065101;Fabricação de amidos e féculas de vegetais;16
1065102;Fabricação de óleo de milho em bruto;16
1065103;Fabricação de óleo de milho refinado;16
1066000;Fabricação de alimentos para animais;12
1069400;Moagem e fabricação de produtos de origem vegetal não especificados anteriormente;17
1071600;Fabricação de açúcar em bruto;16
1072401;Fabricação de açúcar de cana refinado;16
1072402;Fabricação de açúcar de cereais (dextrose) e de beterraba;16
1081301;Beneficiamento de café;16
1081302;Torrefação e moagem de café;15
1082100;Fabricação de produtos a base de café;16
1091101;Fabricação de produtos de panificação industrial;16
1091102;Fabricação de produtos de padaria e confeitaria com predominância de produção própria;16
1092900;Fabricação de biscoitos e bolachas;16
1093701;Fabricação de produtos derivados do cacau e de chocolates;19
1093702;Fabricação de frutas cristalizadas, balas e semelhantes;19
1094500;Fabricação de massas alimentícias;16
1095300;Fabricação de especiarias, molhos, temperos e condimentos;16
1096100;Fabricação de alimentos e pratos prontos;13
1099601;Fabricação de vinagres;16
1099602;Fabricação de pós alimentícios;14
1099603;Fabricação de fermentos e leveduras;16
1099604;Fabricação de gelo comum;16
1099605;Fabricação de produtos para infusão (chá, mate, etc.);12
1099606;Fabricação de adoçantes naturais e artificiais;16
1099607;Fabricação de alimentos dietéticos e complementos alimentares;16
1099699;Fabricação de outros produtos alimentícios não especificados anteriormente;16
1111901;Fabricação de aguardente de cana-de-açúcar;27
1111902;Fabricação de outras aguardentes e bebidas destiladas;27
1112700;Fabricação de vinho;27
1113501;Fabricação de malte, inclusive malte uísque;27
1113502;Fabricação de cervejas e chopes;27
1121600;Fabricação de águas envasadas;16
1122401;Fabricação de refrigerantes;16
1122402;Fabricação de chá mate e outros chás prontos para consumo;16
1122403;Fabricação de refrescos, xaropes e pós para refrescos, exceto refrescos de frutas;16
1122404;Fabricação de bebidas isotônicas;16
1122499;Fabricação de outras bebidas não-alcoólicas não especificadas anteriormente;16
1210700;Processamento industrial do fumo;35
1220401;Fabricação de cigarros;35
1220402;Fabricação de cigarrilhas e charutos;35
1220403;Fabricação de filtros de cigarros;35
1220499;Fabricação de outros produtos do fumo, exceto cigarros, cigarrilhas e charutos;35
1311100;Preparação e fiação de fibras de algodão;18
1312000;Preparação e fiação de fibras têxteis naturais, exceto algodão;19
1313800;Fiação de fibras artificiais e sintéticas;19
1314600;Fabricação de linhas para costurar e bordar;19
1321900;Tecelagem de fios de algodão;19
1322700;Tecelagem de fios de fibras têxteis naturais, exceto algodão;19
1323500;Tecelagem de fios de fibras artificiais e sintéticas;19
1330800;Fabricação de tecidos de malha;19
1340501;Estamparia e texturização em fios, tecidos, artefatos têxteis e peças do vestuário;19
1340502;Alvejamento, tingimento e torção em fios, tecidos, artefatos têxteis e peças do vestuário;19
1340599;Outros serviços de acabamento em fios, tecidos, artefatos têxteis e peças do vestuário;19
1351100;Fabricação de artefatos têxteis para uso doméstico;22
1352900;Fabricação de artefatos de tapeçaria;21
1353700;Fabricação de artefatos de cordoaria;16
1354500;Fabricação de tecidos especiais, inclusive artefatos;19
1359600;Fabricação de outros produtos têxteis não especificados anteriormente;18
1411801;Confecção de roupas íntimas;19
1411802;Facção de roupas íntimas;19
1412601;Confecção de peças do vestuário, exceto roupas íntimas e as confeccionadas sob medida;16
1412602;Confecção, sob medida, de peças do vestuário, exceto roupas íntimas;15
1412603;Facção de peças do vestuário, exceto roupas íntimas;19
1413401;Confecção de roupas profissionais, exceto sob medida;16
1413402;Confecção, sob medida, de roupas profissionais;21
1413403;Facção de roupas profissionais;19
1414200;Fabricação de acessórios do vestuário, exceto para segurança e proteção;25
1421500;Fabricação de meias;19
1422300;Fabricação de artigos do vestuário, produzidos em malharia e tricotagens, exceto meias;15
1510600;Curtimento e outras preparações de couro;17
1521100;Fabricação de artigos para viagem, bolsas e semelhantes de qualquer material;25
1529700;Fabricação de artefatos de couro não especificados anteriormente;17
1531901;Fabricação de calçados de couro;19
1531902;Acabamento de calçados de couro sob contrato;19
1532700;Fabricação de tênis de qualquer material;19
1533500;Fabricação de calçados de material sintético;25
1539400;Fabricação de calçados de materiais não especificados anteriormente;26
1540800;Fabricação de partes para calçados, de qualquer material;19
1610201;Serrarias com desdobramento de madeira;11
1610202;Serrarias sem desdobramento de madeira;11
1621800;Fabricação de madeira laminada e de chapas de madeira compensada, prensada e aglomerada;10
1622601;Fabricação de casas de madeira pré-fabricadas;16
1622602;Fabricação de esquadrias de madeira e de peças de madeira para instalações industriais e comerciais;17
1622699;Fabricação de outros artigos de carpintaria para construção;14
1623400;Fabricação de artefatos de tanoaria e de embalagens de madeira;18
1629301;Fabricação de artefatos diversos de madeira, exceto móveis;19
1629302;Fabricação de artefatos diversos de cortiça, bambu, palha, vime e outros materiais trançados, exceto móveis;18
1710900;Fabricação de celulose e outras pastas para a fabricação de papel;17
1721400;Fabricação de papel;20
1722200;Fabricação de cartolina e papel-cartão;17
1731100;Fabricação de embalagens de papel;19
1732000;Fabricação de embalagens de cartolina e papel-cartão;17
1733800;Fabricação de chapas e de embalagens de papelão ondulado;20
1741901;Fabricação de formulários contínuos;17
1741902;Fabricação de produtos de papel, cartolina, papel-cartão e papelão ondulado para uso comercial e de escritório, exceto formulário contínuo;20
1742701;Fabricação de fraldas descartáveis;18
1742702;Fabricação de absorventes higiênicos;16
1742799;Fabricação de produtos de papel para uso doméstico e higiênico-sanitário não especificados anteriormente;17
1749400;Fabricação de produtos de pastas celulósicas, papel, cartolina, papel-cartão e papelão ondulado não especificados anteriormente;17
1811301;Impressão de jornais;17
1811302;Impressão de livros, revistas e outras publicações periódicas;12
1812100;Impressão de material de segurança;18
1813001;Impressão de material para uso publicitário;16
1813099;Impressão de material para outros usos;15
1821100;Serviços de pré-impressão;21
1822901;Serviços de encadernação e plastificação;17
1822999;Serviços de acabamentos gráficos, exceto encadernação e plastificação;17
1830001;Reprodução de som em qualquer suporte;17
1830002;Reprodução de vídeo em qualquer suporte;17
1830003;Reprodução de software em qualquer suporte;12
1910100;Coquerias;17
1921700;Fabricação de produtos do refino de petróleo;17
1922501;Formulação de combustíveis;17
1922502;Rerrefino de óleos lubrificantes;17
1922599;Fabricação de outros produtos derivados de petróleo, exceto produtos do refino;17
1931400;Fabricação de álcool;17
1932200;Fabricação de biocombustíveis, exceto álcool;17
2011800;Fabricação de cloro e álcalis;17
2012600;Fabricação de intermediários para fertilizantes;17
2013400;Fabricação de adubos e fertilizantes;11
2014200;Fabricação de gases industriais;13
2019301;Elaboração de combustíveis nucleares;17
2019399;Fabricação de outros produtos químicos inorgânicos não especificados anteriormente;17
2021500;Fabricação de produtos petroquímicos básicos;17
2022300;Fabricação de intermediários para plastificantes, resinas e fibras;17
2029100;Fabricação de produtos químicos orgânicos não especificados anteriormente;20
2031200;Fabricação de resinas termoplásticas;17
2032100;Fabricação de resinas termofixas;17
2033900;Fabricação de elastômeros;17
2040100;Fabricação de fibras artificiais e sintéticas;17
2051700;Fabricação de defensivos agrícolas;17
2052500;Fabricação de desinfetantes domissanitários;17
2061400;Fabricação de sabões e detergentes sintéticos;17
2062200;Fabricação de produtos de limpeza e polimento;17
2063100;Fabricação de cosméticos, produtos de perfumaria e de higiene pessoal;17
2071100;Fabricação de tintas, vernizes, esmaltes e lacas;16
2072000;Fabricação de tintas de impressão;17
2073800;Fabricação de impermeabilizantes, solventes e produtos afins;16
2091600;Fabricação de adesivos e selantes;18
2092401;Fabricação de pólvoras, explosivos e detonantes;17
2092402;Fabricação de artigos pirotécnicos;17
2092403;Fabricação de fósforos de segurança;17
2093200;Fabricação de aditivos de uso industrial;17
2094100;Fabricação de catalisadores;17
2099101;Fabricação de chapas, filmes, papéis e outros materiais e produtos químicos para fotografia;17
2099199;Fabricação de outros produtos químicos não especificados anteriormente;11
2110600;Fabricação de produtos farmoquímicos;15
2121101;Fabricação de medicamentos alopáticos para uso humano;15
2121102;Fabricação de medicamentos homeopáticos para uso humano;15
2121103;Fabricação de medicamentos fitoterápicos para uso humano;15
2122000;Fabricação de medicamentos para uso veterinário;20
2123800;Fabricação de preparações farmacêuticas;15
2211100;Fabricação de pneumáticos e câmaras-de-ar;15
2212900;Reforma de pneumáticos usados;15
2219600;Fabricação de artefatos de borracha não especificados anteriormente;12
2221800;Fabricação de laminados planos e tubulares de material plástico;17
2222600;Fabricação de embalagens de material plástico;13
2223400;Fabricação de tubos e acessórios de material plástico para uso na construção;16
2229301;Fabricação de artefatos de material plástico para uso pessoal e doméstico;18
2229302;Fabricação de artefatos de material plástico para usos industriais;12
2229303;Fabricação de artefatos de material plástico para uso na construção, exceto tubos e acessórios;12
2229399;Fabricação de artefatos de material plástico para outros usos não especificados anteriormente;16
2311700;Fabricação de vidro plano e de segurança;17
2312500;Fabricação de embalagens de vidro;17
2319200;Fabricação de artigos de vidro;17
2320600;Fabricação de cimento;16
2330301;Fabricação de estruturas pré-moldadas de concreto armado, em série e sob encomenda;16
2330302;Fabricação de artefatos de cimento para uso na construção;16
2330303;Fabricação de artefatos de fibrocimento para uso na construção;12
2330304;Fabricação de casas pré-moldadas de concreto;16
2330305;Preparação de massa de concreto e argamassa para construção;17
2330399;Fabricação de outros artefatos e produtos de concreto, cimento, fibrocimento, gesso e materiais semelhantes;16
2341900;Fabricação de produtos cerâmicos refratários;16
2342701;Fabricação de azulejos e pisos;17
2342702;Fabricação de artefatos de cerâmica e barro cozido para uso na construção, exceto azulejos e pisos;20
2349401;Fabricação de material sanitário de cerâmica;16
2349499;Fabricação de produtos cerâmicos não refratários não especificados anteriormente;16
2391501;Britamento de pedras, exceto associado à extração;16
2391502;Aparelhamento de pedras para construção, exceto associado à extração;16
2391503;Aparelhamento de placas e execução de trabalhos em mármore, granito, ardósia e outras pedras;16
2392300;Fabricação de cal e gesso;17
2399101;Decoração, lapidação, gravação, vitrificação e outros trabalhos em cerâmica, louça, vidro e cristal;16
2399102;Fabricação de abrasivos;16
2399199;Fabricação de outros produtos de minerais não-metálicos não especificados anteriormente;17
2411300;Produção de ferro-gusa;17
2412100;Produção de ferroligas;17
2421100;Produção de semi-acabados de aço;17
2422901;Produção de laminados planos de aço ao carbono, revestidos ou não;16
2422902;Produção de laminados planos de aços especiais;17
2423701;Produção de tubos de aço sem costura;16
2423702;Produção de laminados longos de aço, exceto tubos;16
2424501;Produção de arames de aço;16
2424502;Produção de relaminados, trefilados e perfilados de aço, exceto arames;16
2431800;Produção de tubos de aço com costura;16
2439300;Produção de outros tubos de ferro e aço;17
2441501;Produção de alumínio e suas ligas em formas primárias;17
2441502;Produção de laminados de alumínio;17
2442300;Metalurgia de metais preciosos;19
2443100;Metalurgia do cobre;17
2449101;Produção de zinco em formas primárias;17
2449102;Produção de laminados de zinco;17
2449103;Produção de soldas e ânodos para galvanoplastia;17
2449199;Metalurgia de outros metais não-ferrosos e suas ligas não especificados anteriormente;17
2451200;Fundição de ferro e aço;17
2452100;Fundição de metais não-ferrosos e suas ligas;17
2511000;Fabricação de estruturas metálicas;14
2512800;Fabricação de esquadrias de metal;16
2513600;Fabricação de obras de caldeiraria pesada;16
2521700;Fabricação de tanques, reservatórios metálicos e caldeiras para aquecimento central;16
2522500;Fabricação de caldeiras geradoras de vapor, exceto para aquecimento central e para veículos;17
2531401;Produção de forjados de aço;17
2531402;Produção de forjados de metais não-ferrosos e suas ligas;16
2532201;Produção de artefatos estampados de metal;17
2532202;Metalurgia do pó;17
2539001;Serviços de usinagem, tornearia e solda;17
2539002;Serviços de tratamento e revestimento em metais;17
2541100;Fabricação de artigos de cutelaria;17
2542000;Fabricação de artigos de serralheria, exceto esquadrias;17
2543800;Fabricação de ferramentas;17
2550101;Fabricação de equipamento bélico pesado, exceto veículos militares de combate;17
2550102;Fabricação de armas de fogo, outras armas e munições;17
2591800;Fabricação de embalagens metálicas;17
2592601;Fabricação de produtos de trefilados de metal padronizados;19
2592602;Fabricação de produtos de trefilados de metal, exceto padronizados;17
2593400;Fabricação de artigos de metal para uso doméstico e pessoal;19
2599301;Serviços de confecção de armações metálicas para a construção;16
2599302;Serviço de corte e dobra de metais;17
2599399;Fabricação de outros produtos de metal não especificados anteriormente;17
2610800;Fabricação de componentes eletrônicos;17
2621300;Fabricação de equipamentos de informática;17
4672900;Comércio atacadista de ferragens e ferramentas;16
4673700;Comércio atacadista de material elétrico;16
4674500;Comércio atacadista de cimento;16
4679601;Comércio atacadista de tintas, vernizes e similares;10.15
4679602;Comércio atacadista de mármores e granitos;19
4679603;Comércio atacadista de vidros, espelhos e vitrais;17
4679604;Comércio atacadista especializado de materiais de construção não especificados anteriormente;18
4679699;Comércio atacadista de materiais de construção em geral;10.15
4681801;Comércio atacadista de álcool carburante, biodiesel, gasolina e demais derivados de petróleo, exceto lubrificantes, não realizado por transportador retalhista (TRR);17
4681802;Comércio atacadista de combustíveis realizado por transportador retalhista (TRR);17
4681803;Comércio atacadista de combustíveis de origem vegetal, exceto álcool carburante;17
4681804;Comércio atacadista de combustíveis de origem mineral em bruto;17
4681805;Comércio atacadista de lubrificantes;17
4682600;Comércio atacadista de gás liquefeito de petróleo (GLP);17
4683400;Comércio atacadista de defensivos agrícolas, adubos, fertilizantes e corretivos de solo;11
4684201;Comércio atacadista de resinas e elastômeros;16
4684202;Comércio atacadista de solventes;16
4684299;Comércio atacadista de outros produtos químicos e petroquímicos não especificados anteriormente;19
4685100;Comércio atacadista de produtos siderúrgicos e metalúrgicos, exceto para construção;16
4686901;Comércio atacadista de papel e papelão em bruto;19
4686902;Comércio atacadista de embalagens;16
4687701;Comércio atacadista de resíduos de papel e papelão;19
4687702;Comércio atacadista de resíduos e sucatas não-metálicos, exceto papel e papelão;17
4687703;Comércio atacadista de resíduos e sucatas metálicos;17
4689301;Comércio atacadista de produtos de extração mineral, exceto combustíveis;19
4689302;Comércio atacadista de fios e fibras têxteis beneficiadas;19
4689399;Comércio atacadista especializado em outros produtos intermediários não especificados anteriormente;15
4691500;Comércio atacadista de mercadorias em geral, com predominância de produtos alimentícios;12
4692300;Comércio atacadista de mercadorias em geral, com predominância de insumos agropecuários;12
4693100;Comércio atacadista de mercadorias em geral, sem predominância de alimentos ou de insumos agropecuários;13
4711301;Comércio varejista de mercadorias em geral, com;13
4711302;Comércio varejista de mercadorias em geral, com predominância de produtos alimentícios , supermercados;12
4712100;Comércio varejista de mercadorias em geral, com predominância de produtos alimentícios , minimercados, mercearias e armazéns;15
4713001;Lojas de departamentos ou magazines;19
4713002;Lojas de variedades, exceto lojas de departamentos ou magazines;19
4713003;Lojas duty free de aeroportos internacionais;17
4721102;Padaria e confeitaria com predominância de revenda;15
4721103;Comércio varejista de laticínios e frios;15
4721104;Comércio varejista de doces, balas, bombons e semelhantes;16
4722901;Comércio varejista de carnes , açougues;16
4722902;Peixaria;16
4723700;Comércio varejista de bebidas;17
4724500;Comércio varejista de hortifrutigranjeiros;16
4729601;Tabacaria;35
4729602;Comércio varejista de mercadorias em lojas de conveniência;15
4729699;Comércio varejista de produtos alimentícios em geral ou especializado em produtos alimentícios não especificados anteriormente;15
4732600;Comércio varejista de lubrificantes;17
4741500;Comércio varejista de tintas e materiais para pintura;10.15
4742300;Comércio varejista de material elétrico;10.15
4743100;Comércio atacadista de vidros;18
4744001;Comércio varejista de ferragens e ferramentas;10.15
4744002;Comércio varejista de madeiras e artefatos;10.15
4744003;Comércio varejista de materiais hidráulicos;10.15
4744004;Comércio varejista de cal, areia, pedra britada, tijolos e telhas;10.15
4744005;Comércio varejista de materiais de construção não especificados anteriormente;10.15
4744006;Comércio varejista de pedras para revestimento;16
4744099;Comércio varejista de materiais de construção em geral;10.15
4751201;Comércio varejista especializado de equipamentos e suprimentos de informática;7
4751202;Recarga de cartuchos para equipamentos de informática;7
4752100;Comércio varejista especializado de equipamentos de telefonia e comunicação;17
4753900;Comércio varejista especializado de eletrodomésticos e equipamentos de áudio e vídeo;16
4754701;Comércio varejista de móveis;16
4754702;Comércio varejista de artigos de colchoaria;19
4754703;Comércio varejista de artigos de iluminação;18
4755501;Comércio varejista de tecidos;19
4755502;Comércio varejista de artigos de armarinho;19
4755503;Comércio varejista de artigos de cama, mesa e banho;19
4756300;Comércio varejista especializado de instrumentos musicais e acessórios;19
4757100;Comércio varejista especializado de peças e acessórios para aparelhos eletroeletrônicos para uso doméstico, exceto;18
4759801;Comércio varejista de artigos de tapeçaria, cortinas e persianas;19
4759899;Comércio varejista de outros artigos de uso doméstico não especificados anteriormente;16
4761001;Comércio varejista de livros;17
4761002;Comércio varejista de jornais e revistas;17
4761003;Comércio varejista de artigos de papelaria;17
4762800;Comércio varejista de discos, CDs, DVDs e fitas;17
4763601;Comércio varejista de brinquedos e artigos recreativos;19
4763602;Comércio varejista de artigos esportivos;18
4763603;"Comércio varejista de bicicletas e triciclos; peças e acessórios";19
4763604;Comércio varejista de artigos de caça, pesca e camping;21
4763605;"Comércio varejista de embarcações e outros veículos recreativos; peças e acessórios";17
4771701;Comércio varejista de produtos farmacêuticos, sem manipulação de fórmulas;15
4771702;Comércio varejista de produtos farmacêuticos, com manipulação de fórmulas;15
4771703;Comércio varejista de produtos farmacêuticos homeopáticos;15
4771704;Comércio varejista de medicamentos veterinários;13
4772500;Comércio varejista de cosméticos, produtos de perfumaria e higiene pessoal;14
4773300;Comércio varejista de artigos médicos e ortopédicos;15
4774100;Comércio varejista de artigos para óptica;19
4781400;Comércio varejista de artigos do vestuário e acessórios;19
4782201;Comércio varejista de calçados;18
4782202;Comércio varejista de artigos de viagem;19
4783101;Comércio varejista de artigos de joalheria;22
4783102;Comércio varejista de artigos de relojoaria;19
4784900;Comércio varejista de gás liquefeitos de petróleo (GLP);17
4785701;Comércio varejista de antiguidades;20
4785799;Comércio varejista de outros artigos usados;17
4789001;Comércio varejista de souvenires, bijuterias e artesanatos;19
4789002;Comércio varejista de plantas e flores naturais;18
4789003;Comércio varejista de objetos de arte;16
4789004;Comércio varejista de animais vivos e de artigos e alimentos para animais de estimação;14
4789005;Comércio varejista de produtos saneantes domissanitários;18
4789006;Comércio varejista de fogos de artifício e artigos pirotécnicos;25
4789007;Comércio varejista de equipamentos para escritório;17
4789008;Comércio varejista de artigos fotográficos e para filmagem;17
4789009;Comércio varejista de armas e munições;28
4789099;Comércio varejista de outros produtos não especificados anteriormente;17
4911600;Transporte ferroviário de carga;18
4912401;Transporte ferroviário de passageiros intermunicipal e interestadual;17
4912402;Transporte ferroviário de passageiros municipal e em região metropolitana;17
4912403;Transporte metroviário;17
4921301;Transporte rodoviário coletivo de passageiros, com itinerário fixo, municipal;17
4921302;Transporte rodoviário coletivo de passageiros, com itinerário fixo, intermunicipal em região metropolitana;17
4922101;Transporte rodoviário coletivo de passageiros, com itinerário fixo, intermunicipal, exceto em região metropolitana;17
4922102;Transporte rodoviário coletivo de passageiros, com itinerário fixo, interestadual;17
4922103;Transporte rodoviário coletivo de passageiros, com itinerário fixo, internacional;17
4923002;Serviço de transporte de passageiros , locação de automóveis com motorista;17
4924800;Transporte escolar;17
4929901;Transporte rodoviário coletivo de passageiros, sob regime de fretamento, municipal;17
4929902;Transporte rodoviário coletivo de passageiros, sob regime de fretamento, intermunicipal, interestadual e internacional;17
4929903;Organização de excursões em veículos rodoviários próprios, municipal;17
4929904;Organização de excursões em veículos rodoviários próprios, intermunicipal, interestadual e internacional;17
4929999;Outros transportes rodoviários de passageiros não especificados anteriormente;17
4930201;Transporte rodoviário de carga, exceto produtos perigosos e mudanças, municipal;17
4930202;Transporte rodoviário de carga, exceto produtos perigosos e mudanças, intermunicipal, interestadual e internacional;12
4930203;Transporte rodoviário de produtos perigosos;17
4930204;Transporte rodoviário de mudanças;17
4940000;Transporte dutoviário;17
4950700;Trens turísticos, teleféricos e similares;17
5011401;Transporte marítimo de cabotagem , carga;17
5011402;Transporte marítimo de cabotagem , passageiros;17
5012201;Transporte marítimo de longo curso , carga;17
5012202;Transporte marítimo de longo curso , passageiros;17
5021101;Transporte por navegação interior de carga, municipal, exceto travessia;17
5021102;Transporte por navegação interior de carga, intermunicipal, interestadual e internacional, exceto travessia;17
5022001;Transporte por navegação interior de passageiros em linhas regulares, municipal, exceto travessia;17
5022002;Transporte por navegação interior de passageiros em linhas regulares, intermunicipal, interestadual e internacional, exceto travessia;17
5030101;Navegação de apoio marítimo;17
5030102;Navegação de apoio portuário;17
5091201;Transporte por navegação de travessia, municipal;17
5091202;Transporte por navegação de travessia, intermunicipal;17
5099801;Transporte aquaviário para passeios turísticos;17
5099899;Outros transportes aquaviários não especificados anteriormente;17
5111100;Transporte aéreo de passageiros regular;17
5112901;Serviço de táxi aéreo e locação de aeronaves com tripulação;17
5112999;Outros serviços de transporte aéreo de passageiros não-;17
5120000;Transporte aéreo de carga;17
5130700;Transporte espacial;17
5211701;Armazéns gerais , emissão de warrant;16
5211799;Depósitos de mercadorias para terceiros, exceto armazéns gerais e guarda-móveis;15
5212500;Carga e descarga;17
5223100;Estacionamento de veículos;17
5229002;Serviços de reboque de veículos;16
5229099;Outras atividades auxiliares dos transportes terrestres não especificados anteriormente;17
5231101;Administração da infra-estrutura portuária;17
5231102;Operações de terminais;17
5239700;Atividades auxiliares dos transportes aquaviários não especificadas anteriormente;17
5240101;Operação dos aeroportos e campos de aterrissagem;17
5240199;Atividades auxiliares dos transportes aéreos, exceto operação dos aeroportos e campos de aterrissagem;17
5320202;Serviços de entrega rápida;15
5510801;Hotéis;10
5510802;Apart-hotéis;10
5510803;Motéis;10
5590601;Albergues, exceto assistenciais;10
5590603;Pensões (alojamento);10
5590699;Outros alojamentos não especificados anteriormente;10
5611201;Restaurantes e similares;10
5611202;Bares e outros estabelecimentos especializados em servir bebidas;17
5611203;Lanchonetes, casas de chá, de sucos e similares;16
5612100;Serviços ambulantes de alimentação;16
5620101;Fornecimento de alimentos preparados preponderantemente para empresas;16
5620102;Serviços de alimentação para eventos e recepções , bufê;16
5620103;Cantinas , serviços de alimentação privativos;17
5620104;Fornecimento de alimentos preparados preponderantemente para consumo domiciliar;16
5811500;Edição de livros;12
5812300;Edição de jornais;17
5813100;Edição de revistas;17
5819100;Edição de cadastros, listas e outros produtos gráficos;17
5821200;Edição integrada à impressão de livros;14
5822100;Edição integrada à impressão de jornais;17
5823900;Edição integrada à impressão de revistas;17
5829800;Edição integrada à impressão de cadastros, listas e outros produtos gráficos;18
5911101;Estúdios cinematográficos;17
5911102;Produção de filmes para publicidade;17
5912001;Serviços de dublagem;17
5912002;Serviços de mixagem sonora em produção audiovisual;17
5912099;Atividades de pós-produção cinematográfica, de vídeos e de programas de televisão não especificadas anteriormente;17
5913800;Distribuição cinematográfica, de vídeo e de programas de televisão;17
5914600;Atividades de exibição cinematográfica;17
5920100;Atividades de gravação de som e de edição de música;17
6110801;Serviços de telefonia fixa comutada , STFC;16
6110802;Serviços de redes de transporte de telecomunicações , SRTT;16
6110803;Serviço de comunicação multimídia , SCM;16
6110899;Serviços de telecomunicações por fio não especificados anteriormente;16
6120501;Telefonia móvel celular;16
6120502;Serviço móvel especializado , SME;16
6120599;Serviços de telecomunicações sem fio não especificados anteriormente;16
6130200;Telecomunicações por satélite;16
6190601;Provedores de acesso às redes de comunicações;17
6190602;Provedores de voz sobre protocolo internet - VOIP;16
6190699;Outras atividades de telecomunicações não especificadas anteriormente;16
6612604;Corretoras de contratos de mercadorias;17
6810201;Compra e venda de imóveis próprios;17
6810202;Aluguel de imóveis próprios;17
6810203;Loteamento de imóveis próprios;17
6821801;Corretagem na compra e venda e avaliação de imóveis;17
7119799;Atividades técnicas relacionadas à engenharia e arquitetura não especificadas anteriormente;16
7120100;Testes e análises técnicas;17
7210000;Pesquisa e desenvolvimento experimental em ciências físicas e naturais;17
7311400;Agência de publicidade;17
7312200;Agenciamento de espaços para publicidade, exceto em veículos de comunicação;17
7319001;Criação de estandes para feiras e exposições;17
7319002;Promoção de vendas;17
7319003;Marketing direto;17
7319004;Consultoria em publicidade;17
7319099;Outras atividades de publicidade não especificadas anteriormente;17
7410201;Design;16
7420001;Atividades de produção de fotografias, exceto aérea e submarina;17
7420003;Laboratórios fotográficos;17
7420004;Filmagem de festas e eventos;17
7420005;Serviços de microfilmagem;17
7711000;Locação de automóveis sem condutor;17
7719501;Locação de embarcações sem tripulação, exceto para fins recreativos;17
7719502;Locação de aeronaves sem tripulação;17
7719599;Locação de outros meios de transporte não especificados anteriormente, sem condutor;17
7721700;Aluguel de equipamentos recreativos e esportivos;17
7722500;Aluguel de fitas de vídeo, DVDs e similares;18
7723300;Aluguel de objetos do vestuário, joias e acessórios;19
7729201;Aluguel de aparelhos de jogos eletrônicos;17
7729202;"Aluguel de móveis, utensílios e aparelhos de uso doméstico e pessoal; instrumentos musicais";16
7729299;Aluguel de outros objetos pessoais e domésticos não especificados anteriormente;17
7731400;Aluguel de máquinas e equipamentos agrícolas sem operador;17
7732201;Aluguel de máquinas e equipamentos para construção sem operador, exceto andaimes;17
7732202;Aluguel de andaimes;17
7733100;Aluguel de máquinas e equipamentos para escritório;17
7739001;Aluguel de máquinas e equipamentos para extração de minérios e petróleo, sem operador;17
7739002;Aluguel de equipamentos científicos, médicos e hospitalares, sem operador;17
7739003;Aluguel de palcos, coberturas e outras estruturas de uso temporário, exceto andaimes;17
7739099;Aluguel de outras máquinas e equipamentos comerciais e industriais não especificados anteriormente, sem operador;18
8012900;Atividades de transporte de valores;19
8121400;Limpeza em prédios e em domicílios;17
8129000;Atividades de limpeza não especificadas anteriormente;17
8220200;Atividades de teleatendimento;17
8230001;Serviços de organização de feiras, congressos, exposições e festas;17
8292000;Envasamento e empacotamento sob contrato;16
8690903;Atividades de acupuntura;17
8690904;Atividades de podologia;17
9001906;Atividades de sonorização e iluminação;17
9329801;Discotecas, danceterias, salões de dança e similares;16
9329802;Exploração de boliches;16
9430800;Atividades de associações de defesa de direitos sociais;17
9493600;Atividades de organizações associativas ligadas à cultura e à arte;17
9499500;Atividades associativas não especificadas anteriormente;17
9511800;Reparação e manutenção de computadores e de equipamentos periféricos;14
9512600;Reparação e manutenção de equipamentos de comunicação;15
9521500;Reparação e manutenção de equipamentos eletroeletrônicos de uso pessoal e doméstico;19
9529101;Reparação de calçados, bolsas e artigos de viagem;19
9529102;Chaveiros;17
9529103;Reparação de relógios;19
9529104;Reparação de bicicletas, triciclos e outros veículos nãomotorizados;18
9529105;Reparação de artigos do mobiliário;16
9529106;Reparação de joias;19
9529199;Reparação e manutenção de outros objetos e equipamentos pessoais e domésticos não especificados anteriormente;16
9602502;Atividades de estética e outros serviços de cuidados com a beleza;17
9603304;Serviços de funerárias;17
9603399;Atividades funerárias e serviços relacionados não especificados anteriormente;17
9609203;Alojamento, higiene e embelezamento de animais;19
9609204;Exploração de máquinas de serviços pessoais acionadas por moeda;17
9609205;Atividades de sauna e banhos;17
9609206;Serviços de tatuagem e colocação de piercing;17
2949201;Fabricação de bancos e estofados para veículos automotores;17
2950600;Recondicionamento e recuperação de motores para veículos automotores;16
3011301;Construção de embarcações de grande porte;17
3011302;Construção de embarcações para uso comercial e para usos especiais, exceto de grande porte;17
3012100;Construção de embarcações para esporte e lazer;17
3031800;Fabricação de locomotivas, vagões e outros materiais rodantes;17
3032600;Fabricação de peças e acessórios para veículos ferroviários;17
3041500;Fabricação de aeronaves;17
3042300;Fabricação de turbinas, motores e outros componentes e;17
3050400;Fabricação de veículos militares de combate;17
3091101;Fabricação de motocicletas;17
3091102;Fabricação de peças e acessórios para motocicletas;17
3092000;Fabricação de bicicletas e triciclos não-motorizados, peças e acessórios;17
3099700;Fabricação de equipamentos de transporte não especificados anteriormente;18
3101200;Fabricação de móveis com predominância de madeira;17
3102100;Fabricação de móveis com predominância de metal;16
3103900;Fabricação de móveis de outros materiais, exceto madeira e metal;15
3104700;Fabricação de colchões;15
3211601;Lapidação de gemas;19
3211602;Fabricação de artefatos de joalheria e ourivessaria;19
3211603;Cunhagem de moedas e medalhas;17
3212400;Fabricação de bijuterias e artefatos semelhantes;19
3220500;Fabricação de instrumentos musicais, peças e acessórios;22
3230200;Fabricação de artefatos para pesca e esporte;17
3240001;Fabricação de jogos eletrônicos;17
3240002;Fabricação de mesas de bilhar, de sinuca e acessórios não associada à locação;17
3240003;Fabricação de mesas de bilhar, de sinuca e acessórios associada à locação;17
3240099;Fabricação de outros brinquedos e jogos recreativos não especificados anteriormente;17
3250701;Fabricação de instrumentos não-eletrônicos e utensílios para uso médico, cirúrgico, odontológico e de laboratório;17
3250702;Fabricação de mobiliário para uso médico, cirúrgico, odontológico e de laboratório;17
3250703;Fabricação de aparelhos e utensílios para correção de defeitos físicos e aparelhos ortopédicos em geral sob encomenda;17
3250704;Fabricação de aparelhos e utensílios para correção de defeitos físicos e aparelhos ortopédicos em geral, exceto sob encomenda;17
3250705;Fabricação de materiais para medicina e odontologia;16
3250707;Fabricação de artigos ópticos;17
3250709;Serviço de laboratório óptico;17
3291400;Fabricação de escovas, pincéis e vassouras;16
3292201;Fabricação de roupas de proteção e segurança e resistentes a fogo;19
3292202;Fabricação de equipamentos e acessórios para segurança pessoal e profissional;19
3299001;Fabricação de guarda-chuvas e similares;19
3299002;Fabricação de canetas, lápis e outros artigos para escritório;19
3299003;Fabricação de letras, letreiros e placas de qualquer material, exceto luminosos;17
3299004;Fabricação de painéis e letreiros luminosos;25
3299005;Fabricação de aviamentos para costura;19
3299006;Fabricação de velas, inclusive decorativas;19
3299099;Fabricação de produtos diversos não especificados anteriormente;19
3311200;Manutenção e reparação de tanques, reservatórios metálicos e caldeiras, exceto veículos;17
3312101;Manutenção e reparação de equipamentos transmissores de comunicação;16
3312102;Manutenção e reparação de aparelhos e instrumentos de medida, teste e controle;17
3312103;Manutenção e reparação de aparelhos eletromédicos e eletroterapêuticos e equipamentos de irradiação;17
3312104;Manutenção e reparação de equipamentos e instrumentos ópticos;17
3313901;Manutenção e reparação de geradores, transformadores e motores elétricos;16
3313902;Manutenção e reparação de baterias e acumuladores elétricos, exceto para veículos;17
3313999;Manutenção e reparação de máquinas, aparelhos e materiais elétricos não especificados anteriormente;17
3314701;Manutenção e reparação de máquinas motrizes não-elétricas;17
3314702;Manutenção e reparação de equipamentos hidráulicos e pneumáticos, exceto válvulas;19
3314703;Manutenção e reparação de válvulas industriais;17
3314704;Manutenção e reparação de compressores;17
3314705;Manutenção e reparação de equipamentos de transmissão para fins industriais;17
3314706;Manutenção e reparação de máquinas, aparelhos e equipamentos para instalações térmicas;17
3314707;Manutenção e reparação de máquinas e aparelhos de refrigeração e ventilação para uso industrial e comercial;18
3314708;Manutenção e reparação de máquinas, equipamentos e aparelhos para transporte e elevação de cargas;17
3314709;Manutenção e reparação de máquinas de escrever, calcular e de outros equipamentos não-eletrônicos para escritório;17
3314710;Manutenção e reparação de máquinas e equipamentos para uso geral não especificados anteriormente;19
3314711;Manutenção e reparação de máquinas e equipamentos para agricultura e pecuária;18
3314712;Manutenção e reparação de tratores agrícolas;18
3314713;Manutenção e reparação de máquinas-ferramenta;18
3314714;Manutenção e reparação de máquinas e equipamentos para a prospecção e extração de petróleo;17
3314715;Manutenção e reparação de máquinas e equipamentos para uso na extração mineral, exceto na extração de petróleo;17
3314716;Manutenção e reparação de tratores, exceto agrícolas;18
3314717;Manutenção e reparação de máquinas e equipamentos de terraplenagem, pavimentação e construção, exceto tratores;18
3314718;Manutenção e reparação de máquinas para a indústria metalúrgica, exceto máquinas-ferramenta;17
3314719;Manutenção e reparação de máquinas e equipamentos para as indústrias de alimentos, bebidas e fumo;17
3314720;Manutenção e reparação de máquinas e equipamentos para a indústria têxtil, do vestuário, do couro e calçados;17
3314721;Manutenção e reparação de máquinas e aparelhos para a indústria de celulose, papel e papelão e artefatos;17
3314722;Manutenção e reparação de máquinas e aparelhos para a indústria do plástico;17
3314799;Manutenção e reparação de outras máquinas e equipamentos;17
3315500;Manutenção e reparação de veículos ferroviários;17
3316301;Manutenção e reparação de aeronaves, exceto a manutenção na pista;25
3316302;Manutenção de aeronaves na pista;17
3317101;Manutenção e reparação de embarcações e estruturas flutuantes;23
3317102;Manutenção e reparação de embarcações para esporte e lazer;17
3319800;Manutenção e reparação de equipamentos e produtos não especificados anteriormente;17
3321000;Instalação de máquinas e equipamentos industriais;17
3329501;Serviços de montagem de móveis de qualquer material;18
3329599;Instalação de outros equipamentos não especificados anteriormente;17
3520402;Distribuição de combustíveis gasosos por redes urbanas;17
3530100;Produção e distribuição de vapor, água quente e ar condicionado;17
3600602;Distribuição de água por caminhões;17
3702900;Atividades relacionadas a esgoto, exceto a gestão de redes;17
3811400;Coleta de resíduos não-perigosos;17
3812200;Coleta de resíduos perigosos;17
3821100;Tratamento e disposição de resíduos não perigosos;17
3822000;Tratamento e disposição de resíduos perigosos;17
3831901;Recuperação de sucatas de alumínio;17
3831999;Recuperação de materiais metálicos, exceto alumínio;17
3832700;Recuperação de materiais plásticos;17
3839401;Usinas de compostagem;17
3839499;Recuperação de materiais não especificados anteriormente;17
3900500;Descontaminação e outros serviços de gestão de resíduos;17
4110700;Incorporação de empreendimentos imobiliários;22
4120400;Construção de edifícios;15
4211101;Construção de rodovias e ferrovias;16
4211102;Pintura para sinalização em pistas rodoviárias e aeroportos;18
4212000;Construção de obras-de-arte especiais;16
4213800;Obras de urbanização , ruas, praças e calçadas;18
4221901;Construção de barragens e represas para geração de energia elétrica;16
4221902;Construção de estações e redes de distribuição de energia elétrica;16
4221903;Manutenção de redes de distribuição de energia elétrica;14
4221904;Construção de estações e redes de telecomunicações;16
4221905;Manutenção de estações e redes de telecomunicações;16
4222702;Obras de irrigação;18
4223500;Construção de redes de transportes por dutos, exceto para água e esgoto;16
4291000;Obras portuárias, marítimas e fluviais;16
4292801;Montagem de estruturas metálicas;17
4292802;Obras de montagem industrial;17
4299501;Construções de instalações esportivas e recreativas;16
4299599;Outras obras de engenharia civil não especificadas;12
4311801;Demolição de edifícios e outras estruturas;17
4311802;Preparação de canteiro e limpeza de terreno;17
4312600;Perfurações e sondagens;16
4313400;Obras de terraplenagem;17
4319300;Serviços de preparação de terreno não especificados anteriormente;15
4321500;Instalação e manutenção elétrica;17
4322301;Instalações hidráulicas, sanitárias e de gás;16
4322302;Instalação e manutenção de sistemas centrais de ar condicionado, de ventilação e refrigeração;15
4322303;Instalações de sistema de prevenção contra incêndio;17
4329101;Instalações de painéis publicitários;24
4329102;Instalação de equipamentos para orientação à navegação marítima, fluvial e lacustre;17
4329103;Instalação, manutenção e reparação de elevadores, escadas e esteiras rolantes;17
4329104;Montagem e instalação de sistemas e equipamentos de iluminação e sinalização em vias públicas, portos e aeroportos;17
4329199;Outras obras de instalações em construções não especificadas anteriormente;15
4330401;Impermeabilização em obras de engenharia civil;16
4330402;Instalação de portas, janelas, tetos, divisórias e armários embutidos de qualquer material;16
4330403;Obras de acabamento em gesso e estuque;19
4330404;Serviços de pintura de edifícios em geral;16
4330405;Aplicação de revestimentos e de resinas em interiores e exteriores;16
4330499;Outras obras de acabamento da construção;21
4391600;Obras de fundações;16
4399101;Administração de obras;18
4399102;Montagem e desmontagem de andaimes e outras estruturas temporárias;16
4399103;Obras de alvenaria;18
4399104;Serviços de operação e fornecimento de equipamentos para transporte e elevação de cargas e pessoas para uso em obras;17
4399105;Perfuração e construção de poços de água;16
4399199;Serviços especializados para construção não especificados anteriormente;16
4511101;Comércio a varejo de automóveis, camionetas e utilitários novos;13
4511102;Comércio a varejo de automóveis, camionetas e utilitários usados;14
4511103;Comércio por atacado de automóveis, camionetas e utilitários novos e usados;18
4511104;Comércio por atacado de caminhões novos e usados;13
4511105;Comércio por atacado de reboques e semi-reboques novos e usados;13
4511106;Comércio por atacado de ônibus e microônibus novos e usados;13
4512901;Representantes comerciais e agentes do comércio de veículos automotores;17
4512902;Comércio sob consignação de veículos automotores;17
4520001;Serviços de manutenção e reparação mecânica de veículos automotores;17
4520002;Serviços de lanternagem ou funilaria e pintura de veículos automotores;17
4520003;Serviços de manutenção e reparação elétrica de veículos automotores;18
4520004;Serviços de alinhamento e balanceamento de veículos automotores;18
4520006;Serviços de borracharia para veículos automotores;19
4520007;Serviços de instalação, manutenção e reparação de acessórios para veículos automotores;18
4520008;Serviços de capotaria;17
4530701;Comércio por atacado de peças e acessórios novos para veículos automotores;13
4530702;Comércio por atacado de pneumáticos e câmaras-de-ar;16
4530703;Comércio a varejo de peças e acessórios novos para veículos automotores;18
4530704;Comércio a varejo de peças e acessórios usados para veículos automotores;17
4530705;Comércio a varejo de pneumáticos e câmaras-de-ar;15
4530706;Representantes comerciais e agentes do comércio de peças e acessórios novos e usados para veículos automotores;18
4541201;Comércio por atacado de motocicletas e motonetas;13
4541202;Comércio por atacado de peças e acessórios para motocicletas e motonetas;13
4541203;Comércio a varejo de motocicletas e motonetas novas;13
4541204;Comércio a varejo de motocicletas e motonetas usadas;17
4541205;Comércio a varejo de peças e acessórios para motocicletas e motonetas;18
4542101;Representantes comerciais e agentes do comércio de motocicletas e motonetas, peças e acessórios;18
4542102;Comércio sob consignação de motocicletas e motonetas;18
4543900;Manutenção e reparação de motocicletas e motonetas;18
4611700;Representantes comerciais e agentes do comércio de matérias-primas e animais vivos;12
4612500;Representantes comerciais e agentes do comércio de combustíveis, minerais, produtos siderúrgicos e químicos;24
4613300;Representantes comerciais e agentes do comércio de madeira, material de construção e ferragens;17
4614100;Representantes comerciais e agentes do comércio de máquinas, equipamentos, embarcações e aeronaves;17
4615000;Representantes comerciais e agentes do comércio de eletrodomésticos, móveis e artigos de uso doméstico;16
4616800;Representantes comerciais e agentes do comércio de têxteis, vestuário, calçados e artigos de viagem;19
4617600;Representantes comerciais e agentes do comércio de produtos alimentícios, bebidas e fumo;17
4618401;Representantes comerciais e agentes do comércio de medicamentos, cosméticos e produtos de perfumaria;16
4618402;Representantes comerciais e agentes do comércio de instrumentos e materiais odonto-médico-hospitalares;15
4618403;Representantes comerciais e agentes do comércio de jornais, revistas e outras publicações;17
4618499;Outros representantes comerciais e agentes do comércio especializado em produtos não especificados anteriormente;18
4619200;Representantes comerciais e agentes do comércio de mercadorias em geral não especializado;18
4621400;Comércio atacadista de café em grão;16
4622200;Comércio atacadista de soja;16
4623101;Comércio atacadista de animais vivos;16
4623102;Comércio atacadista de couros, lãs, peles e outros subprodutos não-comestíveis de origem animal;12
4623103;Comércio atacadista de algodão;17
4623104;Comércio atacadista de fumo em folha não beneficiado;17
4623105;Comércio atacadista de cacau;16
4623106;Comércio atacadista de sementes, flores, plantas e gramas;13
4623107;Comércio atacadista de sisal;17
4623108;Comércio atacadista de matérias-primas agrícolas com atividade de fracionamento e acondicionamento associada;16
4623109;Comércio atacadista de alimentos para animais;13
4623199;Comércio atacadista de matérias-primas agrícolas não especificadas anteriormente;16
4631100;Comércio atacadista de leite e laticínios;16
4632001;Comércio atacadista de cereais e leguminosas beneficiados;13
4632002;Comércio atacadista de farinhas, amidos e féculas;14
4632003;Comércio atacadista de cereais e leguminosas beneficiados, farinhas, amidos e féculas, com atividade de fracionamento e acondicionamento associada;13
4633801;Comércio atacadista de frutas, verduras, raízes, tubérculos, hortaliças e legumes frescos;16
4633802;Comércio atacadista de aves vivas e ovos;12
4633803;Comércio atacadista de coelhos e outros pequenos animais vivos para alimentação;16
4634601;Comércio atacadista de carnes bovinas e suínas e derivados;16
4634602;Comércio atacadista de aves abatidas e derivados;16
4634603;Comércio atacadista de pescados e frutos do mar;15
4634699;Comércio atacadista de carnes e derivados de outros animais;16
4635401;Comércio atacadista de água mineral;17
4635402;Comércio atacadista de cerveja, chope e refrigerante;28
4635403;Comércio atacadista de bebidas com atividade de fracionamento e acondicionamento associada;17
4635499;Comércio atacadista de bebidas não especificadas anteriormente;17
4636201;Comércio atacadista de fumo beneficiado;35
4636202;Comércio atacadista de cigarros, cigarrilhas e charutos;35
4637101;Comércio atacadista de café torrado, moído e solúvel;12
4637102;Comércio atacadista de açúcar;16
4637103;Comércio atacadista de óleos e gorduras;13
4637104;Comércio atacadista de pães, bolos, biscoitos e similares;10
4637105;Comércio atacadista de massas alimentícias;12
4637106;Comércio atacadista de sorvetes;14
4637107;Comércio atacadista de chocolates, confeitos, balas, bombons e semelhantes;16
4637199;Comércio atacadista especializado em outros produtos alimentícios não especificados anteriormente;12
4639701;Comércio atacadista de produtos alimentícios em geral;12
4639702;Comércio atacadista de produtos alimentícios em geral, com;12
4641901;Comércio atacadista de tecidos;19
4641903;Comércio atacadista de artigos de armarinho;19
4642701;Comércio atacadista de artigos do vestuário e acessórios, exceto profissionais e de segurança;19
4642702;Comércio atacadista de roupas e acessórios para uso profissional e de segurança do trabalho;18
4643501;Comércio atacadista de calçados;18
4643502;Comércio atacadista de bolsas, malas e artigos de viagem;18
4644301;Comércio atacadista de medicamentos e drogas de uso humano;15
4644302;Comércio atacadista de medicamentos e drogas de uso veterinário;16
4645101;Comércio atacadista de instrumentos e materiais para uso médico, cirúrgico, hospitalar e de laboratórios;18
4645102;Comércio atacadista de próteses e artigos de ortopedia;14
4645103;Comércio atacadista de produtos odontológicos;15
4646001;Comércio atacadista de cosméticos e produtos de perfumaria;14
4646002;Comércio atacadista de produtos de higiene e pessoal;16
4647801;Comércio atacadista de artigos de escritório e de papelaria;17
4647802;Comércio atacadista de livros, jornais e outras publicações;17
4649401;Comércio atacadista de equipamentos elétricos de uso pessoal e doméstico;18
4649402;Comércio atacadista de aparelhos eletrônicos de uso pessoal e doméstico;17
4649403;Comércio atacadista de bicicletas, triciclos e outros veículos recreativos;17
4649404;Comércio atacadista de móveis e artigos de colchoaria;16
4649405;"Comércio atacadista de artigos de tapeçaria; persianas e cortinas";19
4649406;Comércio atacadista de lustres, luminárias e abajures;17
4649407;Comércio atacadista de filmes, CDs, DVDs, fitas e discos;17
4649408;Comércio atacadista de produtos de higiene, limpeza e conservação domiciliar;16
4649409;Comércio atacadista de produtos de higiene, limpeza e conservação domiciliar, com atividade de fracionamento e acondicionamento associada;16
4649410;Comércio atacadista de joias, relógios e bijuterias, inclusive pedras preciosas e semipreciosas lapidadas;19
4649499;Comércio atacadista de outros equipamentos e artigos de uso pessoal e doméstico não especificados anteriormente;17
4651601;Comércio atacadista de equipamentos de informática;7
4651602;Comércio atacadista de suprimentos para informática;7
4652400;Comércio atacadista de componentes eletrônicos e equipamentos de telefonia e comunicação;15
4661300;"Comércio atacadista de máquinas, aparelhos e equipamentos para uso agropecuário; partes e peças";13
4662100;"Comércio atacadista de máquinas, equipamentos para terraplenagem, mineração e construção; partes e peças";13
4663000;"Comércio atacadista de máquinas e equipamentos para uso industrial; partes e peças";18
4664800;"Comércio atacadista de máquinas, aparelhos e equipamentos para uso odonto-médico-hospitalar; partes e peças";17
4665600;"Comércio atacadista de máquinas e equipamentos para uso comercial; partes e peças";17
4669901;"Comércio atacadista de bombas e compressores; partes e peças";13
4669999;"Comércio atacadista de outras máquinas e equipamentos não especificados anteriormente; partes e peças";13
4671100;Comércio atacadista de madeira e produtos derivados;18
